"","qso","lnte","m","Sro","srmax","td","vch","vr","ko","cd"
"1",1.04281971276508,1.02493177075203,0.860090514142126,0.954150134056732,0.390875310575838,1.03795290110098,0.910035599339382,1.04084645762828,0.95582943511935,0.943016480755926
"2",1.04206008421932,1.02176492568421,0.849815464179861,0.955334867921391,0.3880581343109,1.03798391433682,0.911440092012936,1.04025985589819,0.956570776249077,0.943351713367043
"3",1.04189527703242,1.0217373757109,0.847326151362274,0.955714236639115,0.389931097316756,1.0380616702929,0.91231808904223,1.04003124853277,0.956783837744275,0.943651265095321
"4",1.04172144338218,1.02176860352722,0.843597212378455,0.956180441532681,0.394542900317453,1.03809822739334,0.9127828684417,1.03978004018318,0.95689087617576,0.94397070997877
"5",1.04333214098719,1.03324849789673,0.872983720818909,0.957301180207462,0.33735507729732,1.03875712483717,0.918811889422828,1.03844064728268,0.950877082780486,0.941525772105504
"6",1.04223667475673,1.02572189832291,0.849991754579028,0.954912882138331,0.391187868066501,1.0379531996772,0.911988304960749,1.04003228553063,0.955058482036919,0.943982351349855
"7",1.04242621747236,1.02579452929206,0.847359736856363,0.954818338706325,0.393595194995595,1.03794213880493,0.911375705913392,1.03984102013896,0.955824394074273,0.943807571749532
"8",1.04199619874889,1.02393000219833,0.838285883070831,0.956206215808952,0.395538165244137,1.03776839920859,0.913046461297943,1.03942914669414,0.956990219228543,0.944475599055957
"9",1.04317811891988,1.03260165269297,0.86117628128788,0.954688132034915,0.366142280271925,1.03816613555977,0.913867044713426,1.03969578277852,0.952907150310033,0.942822351992213
"10",1.04320379499638,1.03266926043752,0.857994034127664,0.954452539199555,0.373539828109429,1.03772568120114,0.912986089678575,1.03965513216678,0.953366777784032,0.942929674188943
"11",1.04331391675546,1.03241604055645,0.856477487279424,0.953464751790007,0.38055256003539,1.03775206855556,0.91119829777888,1.0401043746712,0.954476122504694,0.943512685679558
"12",1.04304628504579,1.02787640975928,0.839805744131093,0.954457338729904,0.395302462071569,1.03759530927819,0.910897892894556,1.03964495115463,0.957668685342801,0.944184385712935
"13",1.04300299897259,1.02820307354938,0.836648109983929,0.954804787536114,0.396344459925691,1.03746861653934,0.911901213035004,1.0394996153819,0.957477418585254,0.944354839747356
"14",1.0428139043863,1.02844195942154,0.833153313243546,0.954971781457079,0.399595527654782,1.03744520695824,0.912545139151436,1.03933212023101,0.95737100317285,0.944607938402301
"15",1.04248719447767,1.02834822284191,0.827804026514087,0.955842254711999,0.402917019270849,1.0373144240745,0.913870838096117,1.0390878178314,0.957079726200236,0.944932618107705
"16",1.04270653864598,1.02991750390388,0.829792035756219,0.955693148315982,0.409874153721316,1.03745769806684,0.911342516080957,1.03912441388662,0.956704014805479,0.944195509672987
"17",1.04312865470919,1.03457482438198,0.844403785560753,0.956991906955626,0.388093697274941,1.0371409333706,0.911869445605191,1.03965327884442,0.953391053927732,0.943563325877448
"18",1.04209612347477,1.02915797604434,0.820006178739057,0.956758007119819,0.413544680551449,1.03712766224208,0.912933543236544,1.03896748154408,0.957451779301425,0.945421224639353
"19",1.04258966316296,1.03136913518862,0.825873782761347,0.957252744915857,0.41617496758615,1.03707708507667,0.909683803410483,1.03925924031296,0.956525509065894,0.944405566082355
"20",1.0432746102774,1.03593928472312,0.840936821101935,0.95850792031827,0.391704045970433,1.03705247499206,0.910213373575275,1.03957817422803,0.953436215951582,0.943181496791861
"21",1.04469175907057,1.04691529872357,0.879139010401265,0.966320602297836,0.305480596383283,1.03744265304486,0.924557315155148,1.03610498173621,0.948138317375456,0.94351691682592
"22",1.04336473613732,1.04200592218695,0.8573409480008,0.96069478132904,0.364418621100527,1.03812635283582,0.912421414577186,1.03997219073323,0.953785181446571,0.944750803647421
"23",1.03505474725751,1.05020107647991,0.887454675296994,0.957563238945055,0.323596153617909,1.03739485308396,0.931586898271731,1.03608343618864,0.955767410345738,0.95698391088865
"24",1.04517590387611,1.05755205934697,0.869874141213394,0.947060025720812,0.36008982730418,1.03810131733889,0.91170193177851,1.0395864807516,0.956116505797524,0.948188943521325
"25",1.04434469297944,1.03795759277536,0.870225733697313,0.949395448138891,0.35968169189193,1.03866034151146,0.907580577042805,1.04055117245457,0.959030064471588,0.944470206037888
"26",1.04382908647794,1.03650724849008,0.86726209600038,0.95049287218346,0.351801033654631,1.03865232983919,0.910204130454802,1.04005079514498,0.960055716500438,0.945330000330078
"27",1.043577781388,1.03596797352691,0.8659377568471,0.950998819106203,0.35004014150166,1.03872972710665,0.911977712697806,1.03973224145948,0.959937966639779,0.945555653567311
"28",1.04324626339528,1.03535700979381,0.863530580095914,0.951579612162721,0.350316860265071,1.03879043705446,0.91357243150744,1.03940574170368,0.959740589157553,0.945822393274771
"29",1.04284257202222,1.03473315091459,0.860265490085544,0.95284703588048,0.351465496159591,1.03880283215957,0.915091164918306,1.03907142748981,0.95941145239977,0.946170194020481
"30",1.04241626917219,1.03414368189872,0.856626404400943,0.953718247966188,0.353414604878657,1.03877543371744,0.916554162332238,1.03875954086569,0.959098846345089,0.946561946987852
"31",1.0419716844655,1.03359615551835,0.852674471353866,0.954629462407376,0.355870827523946,1.03871689064728,0.917885298950351,1.03846730272784,0.958785082427091,0.946981402999339
"32",1.04156807810639,1.03320502046863,0.849116380083843,0.955422566256005,0.359464746189946,1.0387213403901,0.918307125183978,1.03822166111151,0.95867589426824,0.947196494679354
"33",1.04103684156516,1.03255881593456,0.843974393726376,0.956859240936112,0.36146152199024,1.03852381471652,0.92059911645394,1.03787774988839,0.958186697313171,0.947493484145267
"34",1.04058695507843,1.03213769577316,0.83925910237771,0.957616255008837,0.364822544077572,1.03842784808407,0.921573462419207,1.03763362643178,0.957952157623037,0.94787615703619
"35",1.04007858674158,1.03171087397289,0.83475144338451,0.958994025902854,0.368342510837683,1.03831684781905,0.922767637748678,1.03735219880248,0.957646551858464,0.948174125652162
"36",1.03958643908112,1.03132164211176,0.829781183477799,0.960108353699787,0.371978705706279,1.03820686468895,0.923882253830967,1.03709173563994,0.957382888684112,0.94849352379259
"37",1.03913624874956,1.03108930449501,0.825338165229446,0.960662977316812,0.376440244400547,1.03817956422111,0.924703997159238,1.03691303443369,0.957266147493737,0.949202975737809
"38",1.03860643018011,1.03059731348494,0.819872216427792,0.962342479450915,0.379991913624855,1.03797301696326,0.925817507281401,1.0366043100214,0.956935235284933,0.949227873985285
"39",1.03812207228583,1.03026282537545,0.814526251807923,0.963351147030251,0.384129994618206,1.03786034433779,0.926811043950048,1.0363688326545,0.95674737834007,0.949597957136196
"40",1.03872523561998,1.03322632969475,0.823416551136336,0.963058840731475,0.387659737289925,1.03833245940881,0.923600655689179,1.03729229408688,0.955467175851144,0.946985464176124
"41",1.03758227507165,1.03020430581163,0.807753318384951,0.963823749844432,0.393199149168311,1.03772448999371,0.92690579995862,1.03630273734777,0.956754111674881,0.950570721334221
"42",1.03725851093667,1.02996214714712,0.803105609169566,0.964966983016195,0.397068598062409,1.03753000581933,0.927328645060875,1.03613862275299,0.95660852210894,0.950405336093581
"43",1.03691976584827,1.0298026267279,0.798318064730651,0.965507748003735,0.40140407923814,1.03743927552676,0.927921070109696,1.03599147285629,0.956551968511245,0.950697372266127
"44",1.03698837488399,1.03033162801836,0.797098976673093,0.965251928004334,0.408177778644247,1.03782716494623,0.927306114919293,1.03606960583848,0.95737583626294,0.951184673301709
"45",1.03626409052396,1.02944220023494,0.788750513556205,0.966733609737494,0.410647397212409,1.03728086587617,0.928785384890213,1.03570081290831,0.956616504939027,0.951269467048648
"46",1.03588540526336,1.02921769046704,0.783679944922093,0.967645943344224,0.415368591430185,1.03719840922934,0.929501001942449,1.0355165858134,0.95664205598411,0.95155750648469
"47",1.03548155144429,1.0289766574416,0.778180510141036,0.968435734046697,0.420047638162276,1.03711081609899,0.930330927274982,1.03531755458146,0.956640542581264,0.951870896729079
"48",1.03503409721981,1.02869870396204,0.772860862581327,0.969404755316098,0.424992855502783,1.03700379706138,0.931166677552243,1.03509321149678,0.956615845280816,0.952191787135076
"49",1.0345875674803,1.02842487884631,0.767023885658813,0.970305552256052,0.429806945802281,1.03690131392371,0.932128750924288,1.03487338445938,0.9565896650638,0.952536043301516
"50",1.03448530798757,1.02875342446256,0.766221555343506,0.969642477837263,0.436404369372195,1.03719416030578,0.931152696134945,1.03491442953812,0.95719943522915,0.952932186668152
"51",1.03429129781617,1.02882978259123,0.762349288868527,0.969783410753338,0.441751492896215,1.03723123584407,0.930526251445996,1.03484745776236,0.957099372687964,0.9530145601728
"52",1.03786447555294,1.04344919205849,0.831184000694282,0.971718825234761,0.343447360125633,1.03895007964756,0.938910623971793,1.03340340476903,0.947925922392362,0.949016089432533
"53",1.03493838893331,1.02969061464819,0.765019115871131,0.969607907428677,0.432774465448858,1.03702943399067,0.929936551087082,1.03481163572468,0.956789242216397,0.952511195825504
"54",1.03594857285943,1.03130830009616,0.773465567047369,0.967875237026639,0.431560633890618,1.0375697483186,0.926735668258204,1.03511422674317,0.956423461064631,0.951384812262516
"55",1.03572838069988,1.0306958443603,0.767181299986495,0.968916806312809,0.42871914165355,1.03712895238669,0.929026348356435,1.0347747517103,0.956799493994568,0.951848710785719
"56",1.03578942490818,1.03087578076699,0.765333792947007,0.96882042483508,0.430032696250469,1.03715335576346,0.929209117097717,1.03468838713106,0.956857223242815,0.951937841635535
"57",1.03612195762059,1.03163252594539,0.767433349641254,0.967738508149364,0.434362929749432,1.03758316806285,0.927235954112981,1.03482760409616,0.957175265205068,0.951570901025204
"58",1.03658753318654,1.03538851988003,0.786696212126248,0.965524511649672,0.424264499922317,1.03763242429259,0.926316794015286,1.03615058178932,0.953722226816068,0.951684600471121
"59",1.03598789215465,1.03136161459466,0.760674240049055,0.968136358831143,0.436545518742952,1.03709698300065,0.92823082192897,1.03475923535339,0.957380221375058,0.952065115610458
"60",1.03613854284468,1.03185011791658,0.762149825993425,0.967060885848965,0.440115672218849,1.03732836175858,0.926786044764221,1.03492170116562,0.957825355768812,0.951994524980374
"61",1.0358977448722,1.03145340450834,0.755203507142869,0.96857633079129,0.442023638612007,1.03699807953355,0.928525859617435,1.0346958708798,0.957682474193011,0.952077617386576
"62",1.03609977008325,1.03214012998729,0.757828185162379,0.966729303879635,0.44750995053791,1.03744690780859,0.926300915300879,1.03490462799557,0.958361431240382,0.952150396290145
"63",1.0367930289709,1.03796136753802,0.790242475934417,0.964420708257464,0.422789866607152,1.037636488341,0.92584599128217,1.03669808118025,0.953461764442454,0.951971152408075
"64",1.03805494959913,1.05005789449189,0.870455157698239,0.975180285100634,0.29067220515457,1.03809865405942,0.949160299200564,1.02973962703815,0.946840092432056,0.952017309802817
"65",1.03504062243456,1.04762880574551,0.85249428881436,0.971173811835959,0.331210686148229,1.0380790511914,0.939611970579997,1.03532945302274,0.95248500636147,0.955814451099324
"66",1.03991943117543,1.03876308670512,0.821543973153038,0.961043626869515,0.384180020494011,1.03849048893484,0.92005752048152,1.03731235388494,0.955384049787344,0.950144011123739
"67",1.03324233029565,1.04897217814851,0.870343177987231,0.969747327866032,0.309030273112718,1.03742134341638,0.942936732656421,1.03612401044749,0.9558438296529,0.958049634480135
"68",1.04032335085492,1.04279789381621,0.848013390943767,0.960543261585024,0.344581554808224,1.03858574609284,0.923091043175031,1.03816869409794,0.956582008859055,0.951597967543871
"69",1.03316624758681,1.05102087945313,0.882152401890092,0.966210091875576,0.294774868630328,1.03650729186488,0.944886522928146,1.03672341560216,0.957153564317711,0.961531495956981
"70",1.03543117778623,1.05318857991657,0.879033986161507,0.962009508058838,0.300095789470596,1.03751946436041,0.932594294431883,1.03543085672819,0.958597563043839,0.956523968985765
"71",1.04050482205798,1.03839608900899,0.86612968529624,0.957944215278821,0.317246260918548,1.03856451965377,0.919138379417813,1.03766461366114,0.960359598564228,0.95054257897909
"72",1.04087504974764,1.03915704540662,0.871694382832089,0.957138351153501,0.316694228804875,1.03900942054774,0.919643591281518,1.0380053458631,0.960325763546869,0.95047541922777
"73",1.04115327130518,1.0404363424904,0.878407580655053,0.956836752677622,0.31104050752947,1.0392176927401,0.92171744671454,1.03868069423241,0.959171342422425,0.950993316267748
"74",1.04046696055998,1.03798808041037,0.872238693130489,0.956592948738823,0.311601698730526,1.03890409636538,0.920102576234872,1.03758117028453,0.961282299150108,0.950943373208993
"75",1.04088230497045,1.03855019630439,0.873173762749989,0.956032261766302,0.316646524363633,1.03919804090603,0.920270994997716,1.03791479048806,0.960877543682872,0.950845208901113
"76",1.0409278156761,1.03849541300851,0.872636951799003,0.955732580667517,0.318850959252462,1.03921815208611,0.920245544727546,1.0379604516517,0.960971724005522,0.950925191954559
"77",1.0312029133854,1.03995575196878,0.921355043547746,0.971748573978174,0.240878455917846,1.03661663694722,0.958754578998962,1.02990232658586,0.957578371681091,0.961744352819185
"78",1.03920790170398,1.04611098840245,0.896684683950702,0.955466821911547,0.304667420979227,1.03654826220089,0.933933599223099,1.03719143107266,0.959780407295563,0.95959544273685
"79",1.0418173754133,1.05391961341785,0.897224806789411,0.953577267437591,0.292672924963517,1.03774032373083,0.924950341947109,1.038435983836,0.959749294793993,0.955533873383393
"80",1.03673174608426,0.739513400552461,0.958998424180297,0.966260933425145,0.543257286450064,1.03021217549671,0.965125894943269,1.04067388736206,0.969648917651915,0.977310903167001
"81",1.04324473042825,1.04398692651042,0.911034054600757,0.947198390470061,0.282887097378438,1.03582185355676,0.907131972916736,1.03979296719809,0.964908443533947,0.948492968315926
"82",1.04434694537244,1.0518577033972,0.923185984139703,0.9491915375617,0.277116398934713,1.0345108483863,0.911136345338623,1.03972664141454,0.961230380646165,0.952069024428833
"83",1.04455611461947,1.05358111460311,0.918916122779194,0.943886198439353,0.275666205094279,1.03487905531948,0.908764883096524,1.04038809294032,0.962924635470898,0.949390460141958
"84",1.0440446800312,1.00582727659917,0.938881506860611,0.938618921125895,0.32917267363835,1.02953336760237,0.924439773041529,1.0394022200362,0.962728495310205,0.95657681944269
"85",1.04141081664329,0.846656503351003,0.958119762162177,0.944071753868544,0.453615299418076,1.02749449582156,0.954401400678834,1.04193853200105,0.970537795012939,0.967419246169011
"86",1.04592174750283,1.05134155265493,0.916579304130703,0.936361814840717,0.277575477156509,1.03342487556137,0.908740525636274,1.04198597159759,0.968055593292487,0.94980196188082
"87",1.04600438772529,1.04362240721646,0.913834338135439,0.935587645459238,0.281034288314284,1.03435449382681,0.906773114014527,1.04170708502822,0.970420510066287,0.948704367769336
"88",1.04754086547704,1.05282994738067,0.917698191937078,0.935364557164975,0.272712361856172,1.03426712580175,0.915490097127759,1.04207614222315,0.968610860918431,0.950795574737277
"89",1.04630859998399,1.04089880814279,0.911276955794109,0.934931187555875,0.281520365146046,1.03622383336062,0.907377918174482,1.04121473524237,0.971680778447314,0.947981994323986
"90",1.04630832078142,1.03938986250298,0.910767631947545,0.935028820127389,0.279541351386178,1.03720344380022,0.90863221556383,1.04088364169763,0.971973512937676,0.947710145253692
"91",1.04647400350226,1.03831770506001,0.909855599358558,0.935433158866043,0.283202269797495,1.03817428091619,0.90972184581486,1.04071369065011,0.971118019437971,0.947171524209133
"92",1.0466093049038,1.03774648070766,0.910149107390347,0.935899455507566,0.285215940421959,1.03880032363374,0.911041043510003,1.04080594854376,0.969996133898677,0.947088774680102
"93",1.04624165827595,1.0356409798909,0.909687168736334,0.936381701652253,0.282466119442483,1.03905050325275,0.910805125398562,1.04018320716069,0.971110581446721,0.946922947393256
"94",1.04656851309877,1.04216547195265,0.919673948393812,0.942602189615978,0.241415376919202,1.03937188528297,0.921443651437908,1.0378438324991,0.963658625816885,0.943753153028346
"95",1.04656688787829,1.03486473760281,0.910120762943861,0.937186519758383,0.285579422379851,1.03953702149249,0.910584883729043,1.03998682456318,0.970112764826036,0.946140355557844
"96",1.04634695504902,1.03395056469627,0.910921941992428,0.937528585539699,0.279449389743531,1.03949043666563,0.911569206679285,1.0396036374737,0.969813572134201,0.946040318784774
"97",1.04638144124435,1.03366501044956,0.910682156484186,0.938134689164045,0.280532727146885,1.03965283988416,0.911848590340971,1.03939035725151,0.969750354214156,0.945669428121028
"98",1.04728805994272,1.03795514640391,0.914889689923419,0.940365703368079,0.265853700109886,1.04009583050995,0.916332840561276,1.03908691895043,0.965013230609449,0.943997461175259
"99",1.04357091772943,0.959147392291786,0.941441242216063,0.946886070123505,0.331324768475068,1.03327749495057,0.951879827580784,1.04000804577481,0.96675160405188,0.96034606475041
"100",1.04689506006221,0.94235188197339,0.93754271788246,0.939801200335266,0.369672693122773,1.03431365908119,0.943442510892775,1.04328178016989,0.969027735985785,0.963314933308558
"101",1.04832866969633,1.04665348928421,0.921540846930638,0.934908136715618,0.281552258543582,1.03636918358398,0.918112213214068,1.04244957066967,0.968144205447312,0.952330115744365
"102",1.04795740245487,1.05310893516162,0.916510234843475,0.933551825951151,0.271912516036709,1.03660409862093,0.910872435004523,1.04190547225705,0.969754414950077,0.94829924047638
"103",1.04753029026901,1.04642495003159,0.918706673864048,0.934711489254566,0.279930067391412,1.03492967824536,0.91738887517999,1.04161369730618,0.970467498456356,0.951713656335892
"104",1.04808743868274,1.05200828870182,0.914264060633363,0.933488201499715,0.27324332580975,1.03588726518265,0.910863030236732,1.04131159937992,0.971657025970859,0.9480987757894
"105",1.04823383858092,1.04842809130357,0.912761202608032,0.933313890567216,0.275406770563668,1.03661800888919,0.908980934650112,1.0412650455258,0.972218893631558,0.946932006776452
"106",1.04817679565398,1.04166609831211,0.910816375232148,0.932835245577449,0.279576458973841,1.03748198256298,0.907876958070168,1.04116716477036,0.972828405396717,0.945476042138662
"107",1.04794740851464,1.04441310416591,0.919679981196233,0.936720857197959,0.29318203528816,1.0354804980741,0.912977316664524,1.04101252824204,0.970394503537989,0.949686844662921
"108",1.04844588203048,1.05315765667142,0.913407394261972,0.934175995029858,0.282006320771482,1.03649040067357,0.906543285041561,1.04128991715634,0.971575415284126,0.945277827475553
"109",1.04704362938005,1.03110964276773,0.920819523954469,0.935712098047371,0.30946090669303,1.03389019391691,0.912808340042335,1.04289705185745,0.97090840059101,0.950492527138103
"110",1.04847628263298,1.04944895695256,0.907524202536501,0.930967557932597,0.284979540507351,1.03660327584343,0.905365317556254,1.04211354312142,0.973442256654723,0.944229682565057
"111",1.04835901739145,1.03339596195324,0.902431261994226,0.930248360592623,0.291103748597419,1.03739919424726,0.905450910693838,1.04113000177978,0.975621996562131,0.942793420764989
"112",1.04811637313799,1.03127954760827,0.90217052712977,0.930277994930937,0.286685964115193,1.03794076418609,0.907470728018058,1.04071201888025,0.975481780823544,0.942767246255537
"113",1.04856817805296,1.03113316655483,0.904789853104138,0.932210721917088,0.290897927387404,1.03866013446269,0.906981808232722,1.0408522908666,0.973910395127966,0.941431283214301
"114",1.04813631817414,1.02823780632579,0.904313094166246,0.931873222079971,0.287433242016877,1.03895436840381,0.908218248622023,1.04021801139727,0.97454406788921,0.941604054276795
"115",1.04795167419291,1.0265964071237,0.905602892119373,0.932331945338969,0.284728263544178,1.03918912637017,0.909769658158997,1.03987870924116,0.973783835382355,0.941284017222714
"116",1.04804297829277,1.0258664305716,0.906626585573478,0.933556235176392,0.287912983256413,1.03942421301821,0.910049174130923,1.0396963499184,0.973024029843863,0.940986096703238
"117",1.04796615964578,1.02524246936852,0.907809824914959,0.934183276108932,0.288987777824967,1.03946445201734,0.910267497087467,1.03964620383673,0.97225691403289,0.940737711103419
"118",1.04775631822591,1.02385038342935,0.908930777918035,0.93483285317373,0.2874503993483,1.03943420127412,0.909621545963394,1.0394130749704,0.972255304369121,0.940475934922579
"119",1.04837755667509,1.03015383248048,0.915403228185459,0.939416805831301,0.26023938854922,1.03952848924578,0.91597047825879,1.0376838095783,0.967218458618292,0.938364070375296
"120",1.04744805309669,1.02940581597366,0.916147679277646,0.938700670206254,0.268145705694314,1.03885241036711,0.914103350246061,1.03843936909925,0.967865457553127,0.939409902427815
"121",1.04268757508885,1.04912087012242,0.925070403125151,0.944300015685868,0.238365000695257,1.03653995182922,0.923874730988843,1.03723836360509,0.966237755383079,0.946883438588528
"122",1.04815730711422,1.0360119245128,0.91506091222145,0.936236257197429,0.280598465192494,1.03924100981787,0.909499764600931,1.03994972057,0.968982744110243,0.940964351730857
"123",1.0482384271407,1.05304059251632,0.919018909635906,0.936315062782534,0.277269101695152,1.03756810290524,0.915816225792608,1.04011525685635,0.966431323351931,0.946493227478653
"124",1.04804484250679,1.03581648861242,0.915049843848702,0.935872788863858,0.281205986642159,1.03900132185309,0.908000914137234,1.04016239485365,0.969546349856417,0.94096201305977
"125",1.04786479735196,1.02818207863717,0.914286105427098,0.935866882078494,0.286014133111867,1.03912250425832,0.906779320134352,1.03999027203832,0.970486621049518,0.940026386225534
"126",1.04759057641619,1.02673792249259,0.914462184701247,0.93598143156083,0.282783067072241,1.03909415405338,0.906489206600853,1.03965206104506,0.970987348515248,0.93978808936624
"127",1.04797725941976,1.05286435978027,0.920531684816496,0.939124254301767,0.259711816503598,1.03799026349535,0.917031715603994,1.03891475100321,0.965365671604976,0.943663266060099
"128",1.0458485708505,0.980213406043714,0.934132962093637,0.941586864224642,0.350305107816794,1.03309986232559,0.929147639235813,1.04164029859417,0.966985024032371,0.955557059958324
"129",1.04544827582931,0.990016794348843,0.931766957812872,0.940999261247276,0.344652808860223,1.03259212369522,0.920070482829253,1.0430796522391,0.968005934428255,0.95281439530604
"130",1.04578562314005,1.00972902184502,0.92521584871789,0.937762972872072,0.330786165363593,1.03092581362166,0.910295277769048,1.04358920290622,0.969499100183766,0.949322023927649
"131",1.04813860978283,1.04911375625255,0.904259343838905,0.931585417874147,0.290425173744529,1.03344164889776,0.900415515743724,1.04198714654486,0.97332023195048,0.940753290627995
"132",1.04843502332476,1.0432963381898,0.898589608036486,0.931312113441039,0.293336481322254,1.03439990511873,0.901137628457534,1.04161686185765,0.974612358726441,0.93992025254789
"133",1.04819848234656,1.02961149797171,0.89477263056068,0.931284084873836,0.298507093293238,1.03619564140305,0.902195767924241,1.0406739001799,0.976142695015123,0.939119894977026
"134",1.04867613556622,1.04889872200484,0.904460105797665,0.931137775292194,0.286169513719603,1.03357859341272,0.906924158839898,1.04150636836031,0.970695416321748,0.939410866086168
"135",1.04769311189336,1.00258084088801,0.914131927483243,0.928779087526424,0.339512480365336,1.02893869401136,0.91706341689241,1.0425883229512,0.97150890878318,0.946031663185905
"136",1.04702832811408,1.0087324039098,0.904782281534204,0.92670259123655,0.338867305113485,1.02884162978338,0.915686803306835,1.04268916354824,0.972361505603452,0.946462900180118
"137",1.04795673688653,1.02798475460218,0.87827883783122,0.929289848143222,0.31141910552695,1.03487430299638,0.90338924409269,1.04077625004098,0.978708488969631,0.939622103082216
"138",1.04801713256099,1.02714545499156,0.879154500953208,0.92981482460849,0.306116380473762,1.03593088039169,0.905244540993288,1.040332588662,0.977393560595753,0.938718590421542
"139",1.04778782438625,1.04550914366874,0.882286627164573,0.927599569122767,0.30458956835943,1.03410826676385,0.907683616691316,1.04101372724086,0.973317315733982,0.94038100073684
"140",1.04817903266982,1.04116959403353,0.879178664375219,0.928430551131985,0.304635919188731,1.03556861462047,0.906193583843488,1.04067620190846,0.974791515364243,0.939022403260606
"141",1.04713011646066,1.03654220470028,0.883921042454126,0.927641044674612,0.320720936819933,1.03320384793291,0.913100127326809,1.04142097018386,0.971320427003008,0.942879897756361
"142",1.04758330777684,1.04361018847182,0.87575487236736,0.92792862498341,0.31743895353717,1.03377706715507,0.910891656020734,1.04162432973852,0.972761323445531,0.941866312850835
"143",1.04805977007739,1.04429491003985,0.868706071572947,0.928793297190257,0.316798209218762,1.03463202839123,0.908552461896227,1.04155376983287,0.975175543490145,0.940583793450944
"144",1.04821087113365,1.02015562458474,0.865768078919207,0.930868905489993,0.325806819898073,1.0367515799757,0.906494511720052,1.04023682735242,0.979105758531443,0.938564740708585
"145",1.04839359064328,1.0389825295872,0.867574009005807,0.929596075864159,0.318721293456288,1.03605273494621,0.907609051065698,1.04090036314438,0.975768414038706,0.939166308678133
"146",1.0485303446557,1.02757852624057,0.868101641855335,0.930577576338847,0.322432665937834,1.03709234760151,0.906619606173583,1.04036808032622,0.976921028814092,0.937908646961947
"147",1.04500151290738,0.911050269086679,0.894190730997514,0.934457139171242,0.44166249109799,1.02712339490419,0.941854825737089,1.04550098598574,0.966714080810976,0.958815158137899
"148",1.04831121481928,1.03356399876794,0.851768296987593,0.930179679188398,0.335857250409445,1.03455377058803,0.906544651391595,1.0408412879145,0.97918625193132,0.939907173786847
"149",1.04758261155143,1.0163513471388,0.843903773689496,0.931541920598925,0.342773094948614,1.03525083552605,0.905833745211385,1.03995065419939,0.982782967934418,0.938399942185552
"150",1.04817519587556,1.01596409004143,0.852307135859915,0.932767718292336,0.333697693082903,1.03670366846479,0.908558813203805,1.03958355568837,0.979679460015189,0.937302200836969
"151",1.04853018615865,1.03765533449697,0.854809427170572,0.931765265650094,0.329439219130239,1.03545387842986,0.909542073393521,1.0408101489516,0.976773697122147,0.939361058962519
"152",1.04884444839728,1.04091993427152,0.85642280267081,0.931271942070444,0.331882253203436,1.03541838003373,0.908986873090964,1.04133340667852,0.975973858698359,0.939501754455442
"153",1.04865012102259,1.04604507523294,0.856616854315205,0.931263017918616,0.334925880163301,1.03419879574628,0.910113028343724,1.04227900319992,0.974432685711308,0.940869888113612
"154",1.04857782361659,1.04024916825162,0.853029145223921,0.931585001445053,0.336378142770792,1.0350354110456,0.90741635730889,1.04158261178588,0.976692485412057,0.938995475864811
"155",1.04846244436023,1.01780535246213,0.851836309343422,0.932572333301716,0.344654610965929,1.03662041825271,0.905586062986807,1.03995207421937,0.979710506078355,0.936533785922958
"156",1.04774962406735,1.01722056827856,0.864487722537256,0.932564960696509,0.375785154499784,1.03055275841926,0.92120770980976,1.0449803229366,0.969452055477123,0.947760213268164
"157",1.04789193195887,1.00831840508278,0.839453835180285,0.932982341052995,0.353802541259127,1.03604370099231,0.904472496658889,1.03934589840005,0.982683130131251,0.936168892482535
"158",1.04796768114056,1.00534058729342,0.841032561220159,0.933764345339223,0.35642362733589,1.03653452856494,0.904889755833658,1.03903303405509,0.982145495904768,0.935568643617808
"159",1.04820115739072,1.00936565834842,0.857995840592391,0.9358627709355,0.326651729000919,1.0371252740872,0.908559083479105,1.03836386369141,0.976831673771033,0.933967546140197
"160",1.04840587802964,0.999523012670251,0.854434563351468,0.934527758952935,0.350692318136415,1.03745768901962,0.904751715035225,1.03867437198834,0.979840596006953,0.934008142833788
"161",1.04846972859723,0.995830359511214,0.860364012593172,0.935476886819962,0.347308999585447,1.03746764526842,0.904385683406072,1.03842633751439,0.979274880560721,0.933407215468163
"162",1.0488252269576,1.02267484464555,0.874358314035425,0.935268958247099,0.312938146815658,1.03691471208488,0.905549806203246,1.03886291033701,0.972084608625001,0.932518451495148
"163",1.04946162373612,1.02143451891493,0.872482156796396,0.933703323864798,0.331690375212281,1.03679207397704,0.901799178353716,1.03968430674753,0.973838065812702,0.932995989820779
"164",1.04973236479025,1.04844675560688,0.877968066501695,0.930279646877128,0.327328385168332,1.03495617181633,0.902415046512004,1.04204081816216,0.968153489367033,0.936112040619792
"165",1.04888052508323,0.997236802015836,0.870888045651937,0.936163757227127,0.337876876433283,1.03742524455681,0.902072277370963,1.03875012329608,0.977343837635421,0.932943811615724
"166",1.04953572804007,1.00027775273601,0.877989582356459,0.9369609709638,0.341647116300474,1.03763106167495,0.900741256853451,1.03907690395059,0.974862002815531,0.932045903007228
"167",1.04900454328516,0.993918305118455,0.877798399449285,0.93732562923647,0.337935964283566,1.03743807923298,0.90182736439401,1.0386342871326,0.975978457928413,0.932274035848945
"168",1.04948399283093,1.0284688965644,0.897514843780912,0.94258468416963,0.282907830115812,1.03623694587872,0.904588531694444,1.0375654132342,0.965137367076434,0.930181406182221
"169",1.05036834161416,1.01826759169852,0.889689939513482,0.938197186899772,0.326182524262875,1.03715626675711,0.898775433862549,1.03935096373836,0.970196066272999,0.931782391812973
"170",1.04952460699622,0.997141565819866,0.890085715624191,0.938709226110591,0.335334173403512,1.03774885630134,0.899166193608514,1.03891981376459,0.973345536238066,0.931338544591698
"171",1.04917974208859,0.99430140070004,0.891849169305823,0.938324387885986,0.328206556154761,1.03753136123037,0.901343528921199,1.03875638656884,0.972724034967028,0.931911270626888
"172",1.04988093143885,1.00014892384047,0.898208155306169,0.940693766609803,0.329555923431685,1.03769430349225,0.90114429249095,1.03888858123139,0.969223031411187,0.930613971198621
"173",1.04917392514188,0.992953312136861,0.897951136713324,0.939822471802307,0.327252049928832,1.03730019953057,0.901696498405886,1.03867734923698,0.970798784433835,0.931257430703885
"174",1.04917806438294,0.992907813306568,0.900391569278093,0.940112820783267,0.329327770983928,1.03727435679318,0.90142337672631,1.03865841333536,0.970257039630039,0.931225019440642
"175",1.04895483608274,0.991380430567334,0.90211479416962,0.941398254272259,0.326736193570454,1.03701855150629,0.902190037568416,1.03848257484599,0.968775278723091,0.930859940404865
"176",1.04877039307098,0.990775692650225,0.903647930088362,0.941950129307036,0.327590154314781,1.03692702507721,0.902518140605802,1.03841323104798,0.967889616956424,0.931209511663854
"177",1.0485186161783,0.98947190715882,0.905350891406898,0.943672965757982,0.326291540888199,1.0367237768864,0.902881843850583,1.03820691953027,0.966613770942074,0.930539778241456
"178",1.04824154002122,0.988533867244021,0.906502524689413,0.944894404697254,0.326304853672723,1.03658494389577,0.903258242297918,1.0380604525863,0.965514798285992,0.930387899589041
"179",1.04835412426216,0.990731424636287,0.906039714066523,0.945628355094435,0.335945759153651,1.0368742004413,0.902608850772922,1.03808364526659,0.965312189216028,0.931026120782901
"180",1.04823339241103,0.991768791093524,0.90815404170289,0.946076113734575,0.341127424200717,1.036885740966,0.902007742958904,1.03816306873467,0.964476185455256,0.931102520108551
"181",1.04819510167822,0.994741768144815,0.910416124647902,0.946485325238232,0.345733034739395,1.03687982788524,0.901756020056166,1.03854176930569,0.963322849276616,0.931824075166358
"182",1.0353493174228,1.03784146978012,0.952926238965109,0.977315971698496,0.164154788340331,1.03107680292881,0.954347449245187,1.02741502190503,0.959674834608476,0.946925752851926
"183",1.04637018695921,0.998335267743264,0.915741521575864,0.948126355816979,0.300955606681616,1.03810452858414,0.902388984312487,1.03830983851836,0.963601571462501,0.932728572910531
"184",1.04556987539931,0.999794351521668,0.917844773628414,0.950040565397547,0.284369635273581,1.03827805950323,0.905498511299688,1.03764098743577,0.963082778641006,0.933229183121734
"185",1.04528297608024,1.00128872439725,0.919429914371466,0.950644498277635,0.282960442810393,1.03853587088831,0.90709018087647,1.03729327264608,0.963768118701609,0.934344448731741
"186",1.04459550575938,1.00042286378252,0.919062366333303,0.951889705580931,0.275452070252318,1.03833616841984,0.909406061906549,1.03676915138718,0.962499003617774,0.935034286623797
"187",1.04588607492754,1.02196554783435,0.93563583044478,0.958103536301898,0.216733134167595,1.03843364811704,0.923271116393171,1.03297804690272,0.955295474612193,0.933923930916439
"188",1.03605782707631,1.04525413745539,0.939984923854882,0.961698662373655,0.208484228414984,1.03464316052481,0.929009204379713,1.03198997009715,0.959255827130595,0.94554716259145
"189",1.0450077261473,1.04944428273538,0.93054585559067,0.952003140652805,0.258743810377085,1.03552727027901,0.917668350438753,1.03841174693831,0.958326962583184,0.944286391320599
"190",1.04280937502927,0.966246059110829,0.94335175988113,0.954285078070729,0.335087858518649,1.03076371207316,0.935272890785008,1.04006144521505,0.962333939269684,0.955357023019162
"191",1.04592896045038,1.04855786148197,0.92349512262661,0.948196379393119,0.242566038459191,1.03660838192352,0.90947449714082,1.03857192191407,0.961825500751251,0.939436030615806
"192",1.03994915241248,0.819604389371639,0.957128433668329,0.952247429331985,0.451219981402304,1.02538196255552,0.952269718186292,1.04192646764679,0.973637830219326,0.959844208750839
"193",1.04686761330369,1.0482458923646,0.916877598025295,0.942608496133364,0.25072627371844,1.0323175102414,0.908159500341387,1.03948584671334,0.967633977613918,0.938767884284564
"194",1.04570156071125,1.0222644699792,0.911272345533327,0.941886516186864,0.253735345718561,1.0347525937219,0.901852962341894,1.0377234626399,0.968947387684941,0.936454625540159
"195",1.04668733864201,1.04602033460535,0.917100461323319,0.944667965478052,0.243860422809978,1.0328296959907,0.911552398344923,1.03807515350003,0.965481159466764,0.935330147867208
"196",1.04576511476009,1.0265769683606,0.917052473353866,0.942295252936667,0.283713587059525,1.03041255132997,0.912290050740532,1.03920728685581,0.967070502107697,0.939555406729854
"197",1.04686228462339,1.04630907009534,0.906513386580603,0.940267553794677,0.261379743885688,1.03312680106122,0.904836037470269,1.03879533494522,0.967773793818415,0.937180304789006
"198",1.0462626143998,1.01686036054701,0.9002217892484,0.939475100355838,0.26611800965581,1.03636366684391,0.903463315529698,1.03781374318718,0.971509926479028,0.936339293150127
"199",1.04705633035573,1.0219120792405,0.905361756006244,0.942208981513134,0.256677035003582,1.03783234052025,0.906777782614603,1.03743650324203,0.968447927798501,0.934422398268669
"200",1.04263182889028,0.855098910922768,0.938769912711416,0.944709966410321,0.433146132733498,1.02872581514509,0.938498242470725,1.04191758450296,0.962244816713444,0.954624023605798
"201",1.04731944292674,1.03486385230735,0.893582736203443,0.938095542477973,0.275268327027346,1.03471727668557,0.901160019994937,1.03950340124662,0.969818522259156,0.936796130743076
"202",1.04755780741914,1.02944262979806,0.889635394052675,0.937433916889546,0.280769402462636,1.03547770401083,0.90142035079218,1.03925306656568,0.971166688328171,0.936473554326242
"203",1.0477829227536,1.02866760398996,0.889753614234903,0.937291764424463,0.282934855621985,1.03632396731159,0.902117566042021,1.03923101394158,0.97086998461435,0.936290939565546
"204",1.04828046416598,1.04486227105915,0.892440373340425,0.937005578211698,0.280397874300042,1.03566747150987,0.90308012874817,1.03994617932457,0.967006682212002,0.937393584603675
"205",1.04785203510791,1.01185769513098,0.890481921916078,0.937397940207213,0.296565843221857,1.0379503134505,0.902821371070382,1.0390284322858,0.972702680566996,0.935945903867686
"206",1.04762500688697,1.00581043350416,0.890815571991777,0.937292598199289,0.297250713010194,1.03843625607145,0.903608971043652,1.03857073079018,0.974124278555695,0.936053963088925
"207",1.04844109778385,1.00805413493665,0.897777399879456,0.939002887878679,0.295251212467639,1.03898027532574,0.903897920514499,1.03882480054234,0.970277341727317,0.934838982302494
"208",1.04909136693202,1.03904864543217,0.901576773592026,0.939430480521842,0.281404478994031,1.03747856629927,0.904374335787516,1.03904779038751,0.965736195350089,0.935989175936589
"209",1.04787310852629,0.950078912089522,0.924156195109181,0.939114523154527,0.381892028902496,1.03152983521146,0.923417694038066,1.04168813108072,0.959091955634076,0.948807792818105
"210",1.04857379046831,1.01034431190354,0.890202302739443,0.935900157689663,0.310865283833917,1.03777471294877,0.89947511278906,1.03971043678136,0.97436702241126,0.93592142213085
"211",1.0481922786758,1.0069810766043,0.888117084009414,0.935049384291987,0.307093616004339,1.03783171332639,0.901576824416859,1.03947270437805,0.974919574328904,0.936412410901056
"212",1.04872492240429,1.00661273163677,0.891618516536248,0.936473094175214,0.315340753581631,1.03844138178033,0.90042094638138,1.03958719318086,0.973399965223034,0.935209457407789
"213",1.04835096438512,1.00099948459879,0.892452105011438,0.936233745389935,0.312574514469307,1.03865574612252,0.902879037074919,1.03911807026115,0.97448871180397,0.935478880358061
"214",1.04852042875675,0.998976453824893,0.89511378241395,0.937490576629649,0.317797952590098,1.03880989529905,0.902762558012777,1.03899712508028,0.973642723195308,0.934897430268615
"215",1.04860454872121,0.997584874578876,0.897714236107014,0.93819594776753,0.322304890310456,1.0388005330996,0.902686472881238,1.03899807413913,0.972810543197388,0.934462094243355
"216",1.0488483193198,0.999477452049414,0.901066712089693,0.93919011677212,0.324709651408962,1.0387248318726,0.902700888023778,1.03944849343387,0.970931911537677,0.933971828389111
"217",1.04755451805849,1.01455976024165,0.915726310983001,0.949178199685473,0.257193488197492,1.03750633869715,0.913997525058604,1.03570934317961,0.965583712380501,0.93203956164642
"218",1.04848604624549,0.99694064608972,0.90426189089238,0.939344583902601,0.322679763000881,1.03859081109027,0.902281895848482,1.03920175905805,0.971120794098434,0.93595878515398
"219",1.04833926046661,0.996784527145257,0.905776208931342,0.939751096012706,0.319877022192252,1.0385296469111,0.902564789917233,1.03908738167315,0.970883094821573,0.935922574491585
"220",1.04838756375141,0.997658071180582,0.905893326051662,0.940749164697082,0.323549832656736,1.03854051880751,0.902718345749797,1.03899241237979,0.969937879741969,0.935980573914276
"221",1.04870395970519,1.00327412712343,0.907920713752384,0.94191839580949,0.321973119398715,1.03854716356138,0.90507606823758,1.03947081190637,0.967653540993024,0.936753277105601
"222",1.04801857313472,0.997065239082387,0.906675018339729,0.941184093999468,0.323159630035671,1.03829154059711,0.902403763641277,1.03901500602472,0.968873078769759,0.936156003138056
"223",1.04785471287281,0.996979327252244,0.905918990845371,0.941803093818696,0.324145961026575,1.03819494227805,0.902835857023575,1.03894504366448,0.968140831934221,0.936226048251484
"224",1.04798934583241,0.998590007090084,0.904694095435978,0.942570257911023,0.332603401396447,1.03839333538565,0.902350228147415,1.03894326772647,0.968185246492372,0.936304726797487
"225",1.04753470727556,0.997273136510273,0.904793928612239,0.942897381565049,0.330925058293757,1.03819547063997,0.902689038849978,1.0388325869503,0.967332407244453,0.936447687145636
"226",1.04774066270335,1.00089894283383,0.905898065691799,0.94319029114555,0.342403804402358,1.03833851960803,0.902182296079411,1.0390668214037,0.966411453664362,0.936742303537825
"227",1.04751332295997,0.999511105071935,0.902624063576153,0.943621658746346,0.345437259730248,1.03835814185379,0.900709849791229,1.03894846376118,0.966557483879559,0.936493147845218
"228",1.0473999729377,1.00055928668363,0.900719500158663,0.943536799755907,0.351368642678918,1.03841111861111,0.899691617016085,1.03900222673504,0.965998656799772,0.93647989248965
"229",1.04728868308291,1.00145091304957,0.89867386879565,0.943615822174397,0.357172046203942,1.0384354699857,0.898784621161259,1.03906639821515,0.965765526106442,0.936556194183011
"230",1.04726591575041,1.00384728900802,0.897823986082602,0.94355265219006,0.362505600757796,1.03839955258884,0.898205833562123,1.0393378185737,0.964987051901987,0.93686343523494
"231",1.04726883692978,1.00607265787563,0.896926984991405,0.943438878293607,0.367665944323186,1.0383847841749,0.897492461898622,1.03961522541688,0.964367960926734,0.937238882637714
"232",1.04717445169944,1.00618244160498,0.893852596763873,0.943345276912751,0.375103826048905,1.03843453508949,0.896222932848278,1.0396089458979,0.96512054899727,0.9372736326149
"233",1.04735717292506,1.01123999908847,0.895917990199728,0.943073884608068,0.372837358036907,1.03835614027628,0.896305231958747,1.04008509984494,0.963386022878054,0.93754948088392
"234",1.04745013012985,1.01270842087226,0.894391492682161,0.942711223425201,0.378142136085137,1.03841204596094,0.895268278210419,1.04020882285626,0.963414332666297,0.93757530556014
"235",1.04733863067778,1.01199515838442,0.890372600245529,0.942239958832922,0.389838063000486,1.03837121555743,0.89346322809849,1.04028727212435,0.964938989405959,0.937995130651961
"236",1.04581340350061,1.03223126277411,0.911848280637631,0.948928110507575,0.308117531666117,1.03764670118144,0.907492667267068,1.03848228104285,0.957753029510828,0.937451148924632
"237",1.04291597766222,1.03577119484101,0.909266194314817,0.949113771204972,0.322345201570467,1.03775848774358,0.90610181640977,1.04099095802703,0.96161110819255,0.942139771590243
"238",1.04738588751217,1.01864185094403,0.895749318361,0.942259341526856,0.375504921513086,1.03886219775422,0.893640320567812,1.04118849353932,0.964981570756321,0.939066878379132
"239",1.04367847103817,1.03922596276498,0.905849039206035,0.944222396723568,0.334857088369556,1.03840992217006,0.902715501816973,1.04144905079369,0.962342154952448,0.943217742349017
"240",1.0411791790554,1.05374713352192,0.907682060802284,0.941320635313187,0.332240669193121,1.03836061590941,0.903148346729344,1.03882151809196,0.963177040761657,0.944482705391207
"241",1.04759519175951,1.0542938530641,0.903699185691525,0.938600067659485,0.352432624826242,1.0391884428848,0.896191986454066,1.04218995893498,0.962696373980033,0.942528518723131
"242",1.04606225243932,1.02145796502703,0.897669678607227,0.942310780195841,0.353826707966449,1.0390171975882,0.895764633628949,1.04094587189697,0.967784274156517,0.941051352641834
"243",1.04622381373146,1.02254205793239,0.897753288758264,0.942088225980092,0.3596718739266,1.03925586414872,0.895326956819015,1.04081410988107,0.967793351952535,0.94078538679995
"244",1.04619037035533,1.05212690092524,0.918265013919812,0.944597393404305,0.290650544129809,1.03891686711724,0.908384545476289,1.03976695090441,0.958236457481576,0.940519279804784
"245",1.04692980491944,1.00586801620974,0.923355757991779,0.937146414819313,0.394750608697234,1.03722151126265,0.915528793621658,1.04347212659236,0.963404203459054,0.954696115240966
"246",1.047999011676,1.05358308004791,0.910372391487591,0.937686568419101,0.338016485919498,1.03863741936577,0.896663740530455,1.04250413670863,0.964725438110054,0.943033272286599
"247",1.04778133857475,1.0358157925454,0.908718439563325,0.938894876557348,0.34274414770531,1.03850406198348,0.89517841117577,1.04205609571807,0.967263388912746,0.941392958523621
"248",1.04835942894098,1.05519872937591,0.909482426050174,0.936994251408605,0.338717012902233,1.03841544739798,0.898597532974567,1.04271271309081,0.966049234366687,0.944368501962116
"249",1.04827415237858,1.05381123715944,0.910983879849257,0.93588112520437,0.347235049388968,1.03758959629912,0.903629950445979,1.0435971839591,0.96570815949005,0.947957533962057
"250",1.04860643609806,1.04821198912153,0.905088510355164,0.936460839289845,0.340392619629818,1.03806323105728,0.896376017966339,1.04282531045997,0.967783835852954,0.942867527002654
"251",1.04830009217482,1.04962907968091,0.911026526586297,0.934812986451708,0.35616064522876,1.03650603934889,0.904643449838525,1.04462972336417,0.96648109545393,0.94977135579085
"252",1.04791352153227,1.04047058971495,0.914745270678893,0.934684146229397,0.366006760541036,1.0356433817675,0.907034649657594,1.04543895384854,0.966900575945608,0.951994592300276
"253",1.04771158971879,1.03814419827882,0.915875963481181,0.934464990393325,0.369713117990993,1.03434620208139,0.906578009927615,1.04561865327716,0.968242747871114,0.951818304771119
"254",1.04857826858755,1.05171982307654,0.911034076579167,0.933059558856528,0.356936925362945,1.03407754655467,0.900419051702883,1.04516049526695,0.96986622442621,0.948320772226645
"255",1.04646750769662,1.02170955081654,0.916817626945789,0.934870721942648,0.381796892930722,1.032025513235,0.909252188076593,1.04542260622064,0.970833248467118,0.953292034470089
"256",1.04754654457268,1.02075181232178,0.916121654812265,0.935097906290445,0.384156003600992,1.03027585940056,0.903305947270961,1.04496829171606,0.972388271906725,0.950244845679743
"257",1.04661022296841,0.928658035346341,0.931486568661179,0.938198301798056,0.454149384169578,1.0251789889716,0.912157051671239,1.04612897373998,0.979946405998008,0.953028526133911
"258",1.05120093742972,1.05134338283788,0.896604414006892,0.928886570230092,0.358673241884044,1.0295486771309,0.88745890337729,1.0452538559269,0.978957994326029,0.941247296220328
"259",1.05028272142337,1.03301927515675,0.885982440571088,0.926316738960445,0.360274460062173,1.03160709666755,0.889821939744658,1.04411522373752,0.979999623673321,0.941663389051294
"260",1.05073060492301,1.03120749673995,0.887984105974527,0.927925320000762,0.36356198636145,1.03429237669505,0.890666832781759,1.04385140127142,0.97888161323201,0.940208669382367
"261",1.04697368784671,0.981122049553226,0.919969234043828,0.930896779768066,0.381554186603169,1.02949631757858,0.912792883034476,1.04420483691371,0.970978569235164,0.947082870851952
"262",1.05076936112243,1.04971921639108,0.889670429793532,0.926325651968101,0.352531673384023,1.03262941061188,0.894085572329664,1.04445474355987,0.975115123636489,0.941578682520471
"263",1.04966580484182,1.03977837155655,0.893770989226587,0.923108295924931,0.366459535647075,1.03141697347845,0.899008899322096,1.04476698357292,0.97314439605361,0.94445970460317
"264",1.05084713357511,1.02773904974149,0.879738954856596,0.925201575269592,0.363131947928021,1.03508305892376,0.894729802085268,1.04360377977286,0.979829164053594,0.940489920105613
"265",1.05103398333926,1.04326616398248,0.884586534248299,0.924123423579943,0.348756937449152,1.03525544369966,0.896757693578178,1.04360304529052,0.975796256347585,0.940417058324021
"266",1.05096251793321,1.04727591134398,0.889540284541252,0.921995996549718,0.356923785981137,1.03445296655601,0.899679994537802,1.04408704965333,0.972111920441375,0.942239667128573
"267",1.0467316104391,0.931354508363681,0.90691477079765,0.92526824264418,0.451483729626677,1.0301465290843,0.928269872973763,1.04583730640669,0.968407872918179,0.955169095995322
"268",1.05102547705019,1.03578440769185,0.869218936858761,0.924732747876854,0.366441105038444,1.0339848750801,0.89693633195899,1.04386871933092,0.979991259666777,0.941240464662292
"269",1.05118192394992,1.04664506400847,0.866980766695688,0.924180174627802,0.364850216000343,1.03394433635355,0.901313595065698,1.04384373981753,0.978277993050629,0.942960071629073
"270",1.05023873260827,1.02570302329102,0.871909202097264,0.926190848290543,0.395504997437803,1.03048109333475,0.914571774187577,1.04643189632836,0.973841920826264,0.950458050459749
"271",1.05105434550462,1.04290107824401,0.854392184446814,0.925475321299382,0.371786294577752,1.03351248773044,0.901913261145032,1.04422236724857,0.98075791892287,0.943191221861172
"272",1.0508530923245,1.02191724451287,0.853070140777557,0.926443888758592,0.379795675401679,1.03530093259205,0.900931231018542,1.04299905204167,0.983340841729078,0.940941737871559
"273",1.05033089952888,1.03493715695055,0.863723177891892,0.926636717197564,0.391544685638786,1.03184727852264,0.914222815946895,1.04714173117607,0.974796907204338,0.949072380148885
"274",1.05104646821767,1.02940885566549,0.850192910738998,0.92632994299983,0.378895388453282,1.03544766251943,0.902026218794975,1.04327729448289,0.982382706979367,0.94103646800064
"275",1.05069435140279,1.01468275148802,0.848035053944138,0.926489552106263,0.382327460026133,1.03630787028207,0.901152214509852,1.04230831084724,0.984508005656914,0.939583284659143
"276",1.05103486592913,1.01229062884472,0.854877219802754,0.927556616040359,0.383191846092184,1.03732685003567,0.902138531854425,1.04198542778069,0.982699119883615,0.938788320872172
"277",1.05112803867757,1.00793667523556,0.860713974674293,0.928151680048121,0.383209663827759,1.03784300336275,0.901656759856448,1.04163316535317,0.982032964064222,0.937844418235691
"278",1.05051982288014,1.02847904610928,0.882849722111156,0.932498084201693,0.321848594386079,1.03755155330574,0.908605343821265,1.04082274877932,0.972071760753671,0.936382974183933
"279",1.0518774002028,1.03466204395921,0.876834922641484,0.927453989683193,0.35929406085301,1.0377488118307,0.901454181279308,1.04266877580389,0.974858245430656,0.938146637135128
"280",1.05099244513133,1.01661169729915,0.892586048820098,0.926958534586242,0.394411873447155,1.03300191350875,0.916588813548276,1.04695166711492,0.968036863592599,0.949142472284157
"281",1.05143595122619,1.01200638182642,0.866978162345463,0.928831671321231,0.369758022494004,1.03767643622876,0.898138354826251,1.04180167772119,0.98047742185298,0.936668593004786
"282",1.0516451260507,1.04171535978433,0.87804552238558,0.929356233419112,0.335418012980252,1.0368956362556,0.903796364661399,1.04257345334325,0.973134876329642,0.937607567356025
"283",1.05016830218478,1.00884525050227,0.887300361292654,0.928548789855358,0.396310700017768,1.03147246199497,0.919008811762165,1.0470219904469,0.969830163434527,0.949309605026014
"284",1.05181262540895,1.04214495362176,0.861564671368072,0.927844862812031,0.357739286948851,1.0356453184077,0.902090424152143,1.04345747892167,0.977289570900237,0.939042260818326
"285",1.05126617285826,1.01540202749091,0.855298864230239,0.928942560003067,0.370590502508223,1.03680413700197,0.89960017077873,1.04164695363141,0.981365447849596,0.936835322248415
"286",1.05161499836491,1.02893969708914,0.863586148890095,0.929836582479868,0.34988158307746,1.03711470270259,0.903437484625983,1.04185150463455,0.977047523059403,0.936679066211024
"287",1.05030479884908,1.04152291701345,0.871560260315246,0.928095525094567,0.365864297057367,1.03328074614533,0.911799389685923,1.04509503343599,0.973052126117526,0.943772063281884
"288",1.049621601856,1.04463228697764,0.863039498945385,0.928097136463353,0.364865910899384,1.03321281694796,0.909785772427555,1.04466640810064,0.97495865650315,0.943135320231722
"289",1.04917669444768,1.04546826918631,0.854154880037439,0.928491408712705,0.367572498662717,1.03303325063446,0.908382996527742,1.04416724429255,0.977374516597114,0.943223702710763
"290",1.05061832754922,1.04108798967043,0.843422581253765,0.928375776088236,0.367587448044913,1.03457374020469,0.903259885998273,1.04272746478766,0.980301389606108,0.939496530634754
"291",1.04841619947595,1.031183330771,0.848330187778083,0.929127356380064,0.389596574031168,1.03156997684997,0.912597179489763,1.04342133781677,0.981112580821865,0.945475105270315
"292",1.05026272831879,1.04270588934418,0.831322649394097,0.927930871391248,0.378457442615227,1.03324935943437,0.904852514942058,1.04200310757632,0.982744254882858,0.940025026856713
"293",1.05091672358416,1.01485934677181,0.829352768490819,0.929333433384856,0.388453181329596,1.03576215535385,0.903217149089272,1.04106203467417,0.983047894235847,0.937331567501986
"294",1.04925220009195,1.02521289840774,0.841453114328504,0.930161536841189,0.396343441837488,1.03104807145151,0.916853990476531,1.0424997230203,0.982216523837367,0.945302262440849
"295",1.04853634836654,1.00591603292587,0.83560808622565,0.930739055655264,0.414485390091255,1.02993408582633,0.920355527044036,1.04319294174918,0.983636014990186,0.948176006927172
"296",1.04851327335916,1.01744031424825,0.813559394247446,0.929711312161429,0.417467855388844,1.02961614201955,0.915659936808878,1.04344274609741,0.983908408197802,0.946976729096346
"297",1.04946410349526,1.03136112372019,0.790050700550349,0.929376309177719,0.410908288750613,1.03134924816291,0.906114861171037,1.04148497008565,0.986136402226464,0.939876198740585
"298",1.0495068661288,1.01955663888419,0.789601152420013,0.930010758786021,0.41434021043844,1.03352786572685,0.906624572241397,1.04063508067144,0.986180454268265,0.938335564897902
"299",1.04992826386856,1.01155839099258,0.79793510044683,0.9303911246469,0.4114118859207,1.03563635476512,0.907281511008877,1.04010200899396,0.985128554719497,0.93696989701648
"300",1.04675976691648,0.995261187678373,0.818780880747934,0.930074787136492,0.433103684576945,1.03086996109469,0.920458842887517,1.0423713384061,0.972925678388271,0.944763569303622
"301",1.04955743248268,1.00443165251799,0.789351404278388,0.930890222800448,0.423964894553285,1.03516039419901,0.906803784277578,1.0398963581846,0.986688946174843,0.937414292304948
"302",1.05012584483257,1.00431556522623,0.804383471248481,0.932085016628727,0.40276309151416,1.03655267069403,0.908636321261745,1.03942113016895,0.983092646285175,0.935464926871053
"303",1.0506857373013,1.03248448471865,0.807183118498781,0.930047432678532,0.396344675944432,1.03517427217487,0.90790755306704,1.03995675663594,0.9793178308428,0.936036538067921
"304",1.05073122423868,1.03713087249416,0.811957828000231,0.930034190440492,0.393796649266084,1.03469427737706,0.908562920679508,1.0400614983304,0.977114452193953,0.936599562272324
"305",1.05028081286807,1.03759055774472,0.811709238191088,0.929441324731789,0.400226756404792,1.0339907153273,0.909045883114455,1.04029488435655,0.974810860195701,0.937392824253317
"306",1.04864396160711,1.01673613571244,0.81331992154107,0.929346576566933,0.425959332031741,1.03187544011164,0.914684981691097,1.04203693018809,0.970523044385328,0.941602817936944
"307",1.04923069457913,1.037603946937,0.789451155783095,0.930326075165532,0.419578413550662,1.03227719592106,0.908169410952672,1.04130873204332,0.976771272554646,0.939462683786852
"308",1.04950738700953,1.01090699525273,0.781617312855058,0.932424739264518,0.431603949862196,1.03422699275931,0.90589489087583,1.04003678651965,0.985032657477082,0.937850243042672
"309",1.04929623778707,0.99322448178047,0.783133654110867,0.932847311843746,0.436547986006246,1.03575995420084,0.906856839008892,1.03931494403026,0.987376434589019,0.936812367171605
"310",1.04967619185617,0.982875503496109,0.796447450964297,0.933432890580901,0.432190290454254,1.03675268473357,0.907309707776656,1.03895440429941,0.985978111870008,0.935660402140916
"311",1.05079048586747,1.00686040595894,0.838000947184217,0.938795408317928,0.348039401141334,1.03673780199861,0.913011644787492,1.03752635190891,0.973467696338851,0.930536267181017
"312",1.05106360019452,0.978765499440075,0.837667026845439,0.934977517986433,0.405758250358148,1.03728159710125,0.907404000904016,1.03915989583072,0.979546122707125,0.934308583782999
"313",1.05196559517555,1.00452831782136,0.85002980498862,0.934742517462057,0.381047820177162,1.03594169640317,0.906181235126498,1.03956599031482,0.975168124123887,0.93433805384114
"314",1.05207462312654,0.989222735695192,0.861573551957711,0.935343973040789,0.386033984225007,1.03654336466063,0.904944573578287,1.03956900884436,0.975120028073148,0.933612269710873
"315",1.05257855727467,1.00786890639817,0.869280301043366,0.93498380992576,0.373890645054971,1.03544977013052,0.903336877588637,1.04030298607084,0.972894353570214,0.934030952166391
"316",1.05209345539456,0.977944143044752,0.877585299779491,0.93594895824583,0.391688658705791,1.03664927884016,0.902001509170053,1.03992404296373,0.973377426209517,0.93273772731483
"317",1.0521979746854,0.978739267833416,0.886165209194698,0.936632886903385,0.391209548247055,1.0363365892956,0.901440845888685,1.04008491088072,0.971589490364646,0.932757015060167
"318",1.04898158413099,0.966414447802549,0.914783610883708,0.9360172931916,0.416413664718437,1.02730148895824,0.923246036214864,1.04378904532336,0.970240475535545,0.950994317904406
"319",1.05264924613312,0.99141175871839,0.877084965655759,0.932934958219945,0.386841484886726,1.03817909509595,0.893437480163492,1.04112085448653,0.974156304544437,0.931576271577723
"320",1.0532214854749,1.02482739156444,0.887312008121513,0.935463349939019,0.340060564018574,1.03741480861199,0.900691789377267,1.04091869372316,0.96859562986856,0.932184641161375
"321",1.05386278845874,1.04633769024847,0.887440945359399,0.931349635011695,0.356316931958114,1.03546328219877,0.898572330579999,1.04221549424384,0.970047948940557,0.935365209186229
"322",1.05365739860026,1.04833295609006,0.888283592193435,0.931029060210439,0.356402149059058,1.03510118862065,0.899526510550028,1.04265670745476,0.970408403235475,0.936560606702411
"323",1.05343200129618,1.0218968765066,0.883203268457593,0.9321401943625,0.369060244165489,1.03777256196861,0.894436886873907,1.04187544058491,0.971244945620237,0.932992302547514
"324",1.05361326972741,1.02656246448047,0.886529678260566,0.931928930454927,0.367001150235922,1.03753829740322,0.894777051588754,1.04190809723707,0.970496142438436,0.933204023004882
"325",1.05385261100233,1.04942525937668,0.892968904096832,0.930191389578698,0.360892088821401,1.03493310848118,0.898469332828728,1.0427484752435,0.969863901968551,0.937050166380721
"326",1.0494562807684,0.976613610456847,0.906393046466703,0.93329141107504,0.418878260850825,1.03198664636743,0.916726485471837,1.0455099433905,0.97337978113357,0.949818064333896
"327",1.05301956531749,1.01722457848824,0.873997319555596,0.930770094773587,0.384501908447808,1.03706827921493,0.891813762337377,1.04243739679189,0.974054186792015,0.93348511366015
"328",1.05267646131974,1.00322655715466,0.872843078826362,0.930749711547323,0.394531240700282,1.0377952073772,0.890364450506612,1.04205082332697,0.975426219371487,0.93222290847769
"329",1.05280473504961,1.00918741752561,0.884749767714964,0.933725862408806,0.367299930200893,1.03862826708614,0.896635067349979,1.04162996149039,0.97071620469547,0.932330414720466
"330",1.05389565732916,1.04748024858866,0.890112593863977,0.930154450647688,0.365114429090445,1.03604156969932,0.896616762541039,1.04262082001104,0.9703766388284,0.936064354545623
"331",1.05280512984056,1.04253594397718,0.896214026900929,0.929836725832923,0.376128668083683,1.03421248918779,0.901964053997783,1.04401363808622,0.971289096390891,0.941228897067196
"332",1.05375210855956,1.04687020816963,0.88539548897887,0.929262925848231,0.370648314366351,1.03620288575932,0.893984595966715,1.04311584422407,0.971905334352846,0.936042181192124
"333",1.05367776447648,1.03858186842905,0.88341044519789,0.929606688138889,0.375695072889954,1.03687026951584,0.892597278810136,1.04283695489482,0.972363021961012,0.934957679635596
"334",1.05357940537099,1.02857176020061,0.88475309079267,0.930216490837581,0.381581540759488,1.037524288772,0.892150614752242,1.04259013884108,0.972159132525251,0.934294328601665
"335",1.05268079534286,0.994323682446176,0.885653376998875,0.930731425092313,0.396373563442749,1.03852255676388,0.890049367299405,1.04219366204124,0.973019593070801,0.931850366800028
"336",1.05262058298531,0.994433480391482,0.894704708937627,0.93267903038781,0.403040456299935,1.03853031888388,0.892570372678808,1.04182192373916,0.971005661016134,0.932739728747346
"337",1.05227867101244,0.98533202777045,0.895654735442833,0.933304647698589,0.40696557662155,1.03815044780031,0.890984751084991,1.04155589983652,0.970948034064647,0.931658519219868
"338",1.05184055478782,0.980138131805339,0.898429099758142,0.934525436558283,0.4104771292093,1.03748694683183,0.891506268043667,1.04133399233668,0.969436072135745,0.931598148426499
"339",1.05135699097343,0.976103468130749,0.899940655952054,0.936041594112329,0.416121343646139,1.03674521531939,0.891948324238215,1.04107389897348,0.96813141224757,0.931689293009027
"340",1.05071155912545,0.971377296065945,0.899127474730862,0.937840936823325,0.420381972219766,1.03584212143291,0.893263639930568,1.04087669184489,0.96615573487965,0.93200190171465
"341",1.05101293147494,0.993442695083519,0.909329868233155,0.942373114759235,0.369553191751066,1.03629574212549,0.896865221134969,1.04016734211532,0.958217550196518,0.929337364384389
"342",1.05001915256706,0.977376023052376,0.899241900522072,0.941830206602834,0.425236076843074,1.03540189517516,0.891028967762584,1.04051029488714,0.963917441388786,0.931767006366231
"343",1.04481221182609,1.02905710235354,0.93073972587636,0.958378762371595,0.259137557596259,1.03540390472711,0.916030389259548,1.03886826548247,0.950413502762391,0.934285074362509
"344",1.04838092023953,1.00352126473119,0.908405509390558,0.944678440424106,0.37459013842852,1.03743925481463,0.894145464585938,1.0409641530628,0.95913238212097,0.933055202853601
"345",1.04921222483645,0.994491729796379,0.906196261459701,0.944258677330587,0.380317637406618,1.03810129277873,0.894139141879261,1.04162787616505,0.960573166705933,0.933037416452417
"346",1.04881415712516,0.996704530581355,0.905972848804831,0.94502565648442,0.37798247423134,1.03818524859645,0.895140554410386,1.04150519323969,0.959830135175257,0.93354786077856
"347",1.04870917882412,1.00365954816971,0.909042949632766,0.946903723096012,0.361029866698934,1.03817410270236,0.897242411251095,1.04106242264514,0.956980465653677,0.932926724504604
"348",1.04808784529102,1.00642988046439,0.906408633275414,0.946927592545664,0.366635731681543,1.0382067496601,0.897232621053899,1.04124479475133,0.957212385571692,0.934225509797795
"349",1.04834216775457,1.02649518166347,0.902509550665847,0.945042802130648,0.367003632095494,1.03830621199723,0.896302751107812,1.04103554225297,0.956767146741246,0.934397865427901
"350",1.04800638498393,1.00655605641189,0.899067145442372,0.945563805414944,0.382536628332255,1.03830258410976,0.89775094184871,1.04130683367073,0.958828052458366,0.934982090086671
"351",1.04990146550288,1.02195096430827,0.917496553518884,0.944214185572864,0.39655132575894,1.03642887426891,0.906155556267474,1.04254901241384,0.952694299762099,0.944123760439415
"352",1.04906393892273,1.01617101048225,0.902401730030359,0.942205432746003,0.377499589184739,1.0392252328246,0.891822476487243,1.04211180944802,0.960876247564038,0.934817235236019
"353",1.04914511100054,1.01781873264614,0.903311845885862,0.942058469879001,0.377976798251785,1.03920034952641,0.892286856587461,1.04224865209909,0.960321736989009,0.934912301653407
"354",1.0489994884369,1.02126786489411,0.905110414692543,0.943785824005756,0.365731461381265,1.03920413571398,0.895378818883603,1.04185561456853,0.958389847547582,0.934498074950876
"355",1.05032945896638,0.997984419689303,0.923678747274108,0.941742028689525,0.4255248391069,1.0369352589794,0.906787314797789,1.04265469171256,0.95496280566576,0.947785613166579
"356",1.05043843836082,1.03991125527363,0.909020166009228,0.939028224916,0.369343432279066,1.03880857146819,0.888054081356043,1.04292544473159,0.960033340842769,0.936234814243302
"357",1.05041037997992,1.0336236743695,0.908248585377328,0.938461206239135,0.373936208439003,1.03876035234591,0.888093942304908,1.04311519875191,0.961503793434481,0.936012607811432
"358",1.04984069505739,1.02042565083733,0.901262068836119,0.937200248163661,0.382084751511562,1.03897315203339,0.889303621728428,1.04295354695767,0.965118516566544,0.93601871126723
"359",1.05009123618488,1.02624557460781,0.908934957181116,0.941749515152716,0.35668170596989,1.03918587380502,0.894325967001723,1.04212150579838,0.95932546691989,0.933882580098935
"360",1.05045321565966,1.04849471748834,0.906648855326228,0.94051709307727,0.363314110034632,1.03900694505995,0.894373849645895,1.04244185802304,0.957588078295151,0.937261055155962
"361",1.05174302388209,1.05507098433092,0.91104157704997,0.938558201849089,0.376814834052916,1.03890297882921,0.895274579778352,1.04235653116323,0.956279078366254,0.941005823734305
"362",1.0508238665534,1.04119822797671,0.905170168432195,0.937604696774518,0.376124195419118,1.03878960329549,0.890102581902837,1.04293414088869,0.961539106665473,0.936943825969719
"363",1.05203706610431,1.05310015561646,0.914287869216051,0.936699340039523,0.380588317599042,1.03851951929406,0.893897078957144,1.04283420746551,0.957667019405629,0.942003303624698
"364",1.05047895685575,1.02567378555034,0.902146239864882,0.935690733612094,0.387039241344225,1.03844411095532,0.887597614849327,1.04318983245179,0.966298931788695,0.936304996602904
"365",1.0507720395691,1.03676301297575,0.91075828389293,0.939576147468163,0.354820189476311,1.03874894852868,0.892591404760557,1.04274358462887,0.960440380461603,0.935267236321314
